{
    "numParts": 1,
    "parts": [
        {
            "indecis": [
                0,
                1,
                2,
                3,
                4,
                5
            ],
            "material": [
                0.05087608844041824,
                0.05087608844041824,
                0.05087608844041824,
                0.0,
                0.800000011920929,
                0.800000011920929,
                0.800000011920929,
                1.0,
                0.800000011920929,
                0.800000011920929,
                0.800000011920929,
                25.0
            ],
            "normal": [
                -5.990266771505048e-08,
                1.7884991621031077e-07,
                1.0,
                -5.990266771505048e-08,
                1.7884991621031077e-07,
                1.0,
                -5.990266771505048e-08,
                1.7884991621031077e-07,
                1.0,
                -5.990266771505048e-08,
                1.7884991621031077e-07,
                1.0,
                -5.990266771505048e-08,
                1.7884991621031077e-07,
                1.0,
                -5.990266771505048e-08,
                1.7884991621031077e-07,
                1.0
            ],
            "position": [
                1.0073225498199463,
                2.0099997520446777,
                -1.0000003576278687,
                1.0073225498199463,
                -1.0397156557928611e-07,
                -0.9999998807907104,
                -1.0026774406433105,
                -1.0397157979014082e-07,
                -1.0,
                -1.0026774406433105,
                -1.0397157979014082e-07,
                -1.0,
                -1.0026775598526,
                2.0099997520446777,
                -1.0000004768371582,
                1.0073225498199463,
                2.0099997520446777,
                -1.0000003576278687
            ],
            "texcoord": [
                0.9998999238014221,
                0.00010013580322265625,
                0.00010001843475038186,
                9.995698928833008e-05,
                9.997473534895107e-05,
                0.9998998641967773,
                9.997473534895107e-05,
                0.9998998641967773,
                0.9998998641967773,
                0.9998999834060669,
                0.9998999238014221,
                0.00010013580322265625
            ],
            "texturePath": "assets/3DModels/rockObj/Rock058_1K-JPG_Color.jpg"
        }
    ]
}