{
    "numParts": 1,
    "parts": [
        {
            "indecis": [
                0,
                1,
                2,
                3,
                4,
                5
            ],
            "material": [
                0.05087608844041824,
                0.05087608844041824,
                0.05087608844041824,
                0.0,
                0.800000011920929,
                0.800000011920929,
                0.800000011920929,
                1.0,
                0.800000011920929,
                0.800000011920929,
                0.800000011920929,
                25.0
            ],
            "normal": [
                7.805346058376017e-08,
                -1.0,
                2.2824761458650755e-07,
                7.805346058376017e-08,
                -1.0,
                2.2824761458650755e-07,
                7.805346058376017e-08,
                -1.0,
                2.2824761458650755e-07,
                7.805346058376017e-08,
                -1.0,
                2.2824761458650755e-07,
                7.805346058376017e-08,
                -1.0,
                2.2824761458650755e-07,
                7.805346058376017e-08,
                -1.0,
                2.2824761458650755e-07
            ],
            "position": [
                1.018860936164856,
                -1.6716805362193554e-07,
                -1.0200995206832886,
                -1.0176953077316284,
                -4.2934163957397686e-07,
                -1.019569754600525,
                -1.0231138467788696,
                1.6815370429412724e-07,
                1.0261143445968628,
                -1.0231138467788696,
                1.6815370429412724e-07,
                1.0261143445968628,
                1.0216920375823975,
                1.669901337209012e-07,
                1.0190138816833496,
                1.018860936164856,
                -1.6716805362193554e-07,
                -1.0200995206832886
            ],
            "texcoord": [
                0.9998999238014221,
                0.00010013580322265625,
                0.9998998641967773,
                0.9998999834060669,
                9.997473534895107e-05,
                0.9998998641967773,
                9.997473534895107e-05,
                0.9998998641967773,
                0.00010001843475038186,
                9.995698928833008e-05,
                0.9998999238014221,
                0.00010013580322265625
            ],
            "texturePath": "assets/3DModels/rockObj/Rock058_1K-JPG_Color.jpg"
        }
    ]
}